stimuli ID,Year,Country,Case,Complaining Work,Length (seconds),Defending Work,Length (seconds),Court Decision,Court Decision,Similarity Type,PMI (cutoff = 44.6%),Musly,Perceptual Accuracy - Full audio,Perceptual Accuracy - Melody only,Perceptual Accuracy - Lyrics only,AudioSimilarity,MelodySimilarity,LyricSimilarity,PMI,P,Note sequence (complaining work),Note sequence (defending work)
0,2018,US,"Pharrell Williams, et al. v. Bridgeport Music, et al.",Got to Give it Up,47,Blurred Lines,51,infringement,1,melody,0.21,0.57,0.43,0.13,0.04,2.9,2,1.4,20.94240838,0.93,CCCCDFGFDDDGFDCCDFGFDDFDFDCDFGFDFFFGGGGGaFDFDFFDFGFDDDFDFDFAGGGGFGACDFDF,EDEEEDCEEDEEEDCEGGgGgEgGGgGgGAGGgGgGGFeFeCeCbCEEDEDEEEDAEDDEEDEDEDEDEDEBDDdDdDBDdDdDEEdDdDBEEDEGACCCCCCDECCCDECCCDEGgBB
1,2017,US,"Parker v. Winwood, et al.",Ain't That a Lot of Loving,48,Gimmee Some Lovin,36,no infringement,0,"melody, lyrics",0.59,0.79,0.64,0.43,0.83,2.5,3.4,1.6,59.25925926,0,CCCCCCCCCCCCCCCCCCCCCCCGGACCCEDCEDCCACAGGACEEDCCCDECEDCCCACACEECDCCEDEGACADCGACCCCCGACCCCCDEGACACGGAEDCDCDEDCACCACCCCEECDCCEDEGACADC,CCCCCCCCCCCCCCCCCCCCCCCACEEEDCCACACEEEDCDCCACACAGEEEDCCACACEGGEEDEDCEDCCACEDCACDEDCACDACEDCACDEDCACDEDCACDCACAG
2,2017,NZ,"Eight Mile Style v. New Zealand National Party, et al.",Lose Yourself,36,Eminem Esque,29,infringement,1,melody,0.53,0.73,0.43,0.57,0.04,3,3.3,1.3,53.10734463,0,CdECdECCCCCCCCddddddddbCCCCCCCCddddddddbCCCCCCCCddddddddbCCCCCCCCdddddbCdbCCCCCCCCCddddddddb,CCCCCCCCbbbbddddCCCCCCCCbbbbGGGGCCCCCCCCbbbbddddCCCCCCCCbbbbeeeeCCCCCCCCbbbbddddCCCCC
3,2016,US,Bowen v. Paisley,Remind Me,27,Remind Me,27,no infringement,0,"melody, lyrics",0.26,0.29,0.89,0.78,0.70,1.9,2.2,2.4,25.74257426,0.67,BCCCCDCCCBBCCCCDCCCDBAGEEEDDEEDEFFEDCDDDEDCDFFFFEE,GEEDDACAAEDCDEECGEDCAGEDCGEEDDCCAGGGGEGGCCGEDCAGEDC
4,2016,US,"Joel McDonald v. Kanye West, et al.",Made in America,33,Made in America,38,no infringement,0,"lyrics, others",0.33,0.17,0.89,0.74,0.78,2,2,2.1,33.02752294,0.81,EDEDEEECFECEDEEECFECEDEAEECFEC,CCCEGCCCCEGCCCCEGCCDDECCCEGCCCCEGCGEDCCCCDECGEDDCCCDECDCCDEDDCCCCCDECEGEDFEEEDC
5,2014,US,"Rebecca Francescatti v. Stefani Germanotta [aka ""Lady Gaga""]",Juda,14,Judas,33,no infringement,0,"melody, lyrics",0.13,0.85,0.89,0.78,0.83,1.8,1.9,1.8,13.33333333,0.69,EAgAgEgEgAgdAgdEgaagDCC,EFFFFFEEDDDCEDCEEEGADEFFFFFFEEDDDCEDCEEEAEDCABCDCEDDCBBECAADBBGABCDCEDDCBBECAADBBG
6,2012,US,"Vincent Peters v. Kanye West, et al.",Stronger,17,Stronger,17,no infringement,0,lyrics,0.24,0.52,0.46,0.74,0.57,2.5,2.3,2.8,24.3902439,0.04,CCbCGCCbGeDaGFeDbGCCbGeDaGFeDbGC,gegbgegegeagFgCCeCageCCCeggeeCeeegbgegeegeagFgCCFC
7,2010,US,"Currin, et al. v. Arista Records, Inc., et al.",I'm Frontin',12,Frontin,28,no infringement,0,"lyrics, others",0.24,0.05,0.89,0.78,0.83,1.9,2.1,1.8,23.76237624,0.84,FCCaeFCCaeFCCaeFCCaeFCCae,CGFeeCbCCGFeDCbCCbCDFFFGAFFCGFeeCbCCGFeDCbCCbCDFFFGAFFCCeDCeCeCCeCebeCCCeCDe
8,2010,AU,Larrikin Music Publishing Ltd. v. EMI Songs Australia Plty Ltd.,Kookaburra Sits in the Old Gum Tree,5,Down Under,6,infringement,1,melody,0.85,0.11,0.61,0.74,,3.1,3.7,,84.61538462,0,GGGGAAAGEGEEEEEFFFECEC,GGGGAAAGEGEEDCBbAaGEEEEFFFECEC
9,2009,US,"Samuel Steele v. Jon Bongiovi, et al.",Man I Really Love This Team,28,I Love This Town,41,no infringement,0,"lyrics, others",0.30,0.81,0.93,0.78,0.87,1.9,2.4,1.6,29.50819672,0.17,BCDDDDBBGBDDDBBBGEDCCCCCCCCDDDDDGACDDDDDDCDDDDDCDDDDDCCCB,ACCCCCBBAAAAGCCCCCCACCDDDCCEEECCCCCCDDEEEEECAGFEDCEDCEDCCECAGECED
10,2009,US,"Bridgeport Music, Inc. v. UMG Recordings, Inc.",Atomic Dog,35,D.O.G. In Me,35,infringement,1,"lyrics, others",0.26,0.81,0.07,0.17,0.13,1.8,2.3,1.7,25.85034014,0.56,ECGFEEDEECGFEEEDCCEEEEGGGGACCECDCCCCCCCCCCCCCCCCCCCCCCCCCCCCCCCCCCC,bbDDDDDCCDDDDDEDCCCDDDCCAACDDDDEDCCbCDDDDCCAACDDDDEDCCADDDDCADDDDDEDCCGAEDEDDEDC
11,2007,US,"Lil' Joe Wein Music, Inc. v. Jackson",It's Your Birthday,20,In Da Club,19,no infringement,0,lyrics,0.28,0.34,0.71,0.87,0.83,2.2,2,2.2,27.65957447,0.23,CbbCCbbCbbCCbbCbCCCbACbCCCbACbACCCbACCCbACCbACCbACCbACbACCCbACCCbCCCbCCCC,CdbCdCCdbCdCCdbCdCCdb
12,2007,TWN,People v. Hu,Liangshan Love Song,29,Bye Bye My Lover!,22,infringement,1,"melody, lyrics",0.92,0.20,0.50,0.74,0.91,3.2,3.7,4.8,92.47311828,0,CCCGGFeeGGGbCeCbGCbGFGbGCCCCbGFFFeCbGCCFeCbCeC,CCCCGGFeeGGGbCeCbGCbGFGbGCCCCbGFeeCCbGCCFeCbCeC
13,2005,US,Positive Black Talk v. Cash Money Records,Back That Ass Up,23,Back That Azz Up,22,no infringement,0,lyrics,0.32,0.71,0.68,0.96,0.87,2.5,1.9,2.1,31.74603175,0.47,CCCbCbCbGgCCCbCCCbGEBCaADDaAGAAGF,CCbaabCCbaaGbEEEAACBCCEFFGbCCb
14,2005,US,Vargas v. Pfizer,Bust Dat Groove Without Ride,4,Advertisement for Celebrex,14,infringement,1,others,0.00,0.07,0.54,0.17,,3.7,1.7,,0,1,,CCGAAGCCCCGAAGCCCCGAAGCCBDDBEBg
15,2005,PRC,Yong Wang v. Zhengben Zhu,Send My Comrade to Beijing,41,Farewell to the Red Army,43,no infringement,0,"melody, lyrics",0.41,0.33,0.54,0.65,0.43,3,2.4,3.3,41.05960265,0,bbGbCDCDFFFGFDFCCCbCDFbDDbCDFFGbDCDFFDFGAGbGbbDDCbGFDCbC,ACCDFDCCACDFFGAGAFGFFGAGAGGADFCDEDCCCDFAGFCCFDCCAFFGAGACGGFDCDFGFFGACDCAFFDCACDFFFGAGAGADFCDEDC
16,2004,PRC,Apollo Inc. v. Coca Cola (China) Inc.,When the Sun Rises,20,Sunrise,21,infringement,1,"melody, lyrics",0.58,0.00,0.46,0.52,0.13,3,3.3,2.2,58.18181818,0,GCDFECAGAGGGCDFEDCC,GACDFECAGGACDFECAGGACDFECAGGACDFECAC
17,2004,US,Swirsky v. Carey,One of Those Love Songs,29,Thank God I Found You,32,infringement,1,"melody, lyrics",0.45,0.89,0.50,0.26,0.04,3.1,2.6,1.5,44.62809917,0,EEEDEFEDDDDCDCDCECCABCDEECEEEEEEECDEEEGFEDDDDDECCCABCDEEDCABCEFD,EEGFEEDDFEDCDBGCDBCBABAFaFEEEGFEEDDFEDCDBGCDBCBABCDEDCEEC
18,2003,US,Cottrill v. Spears,What You See is What You Get,22,"What U See is What U Get, Can't Make You Love Me",24,no infringement,0,"melody, lyrics",0.35,0.48,0.68,0.83,0.61,2.3,2.3,2.8,35.13513514,0.58,DCFeFeGGbaGaGeCCCFeFeGGbaGaGeC,CeGaFGeFCeFGFFeFGaGFFCeGaFGeebCeFeCGaFGeFDeC
19,2002,US,Jean et al. v. Bug Music,Hand Clapping Song,3,My Love is Your Love,4,no infringement,0,"melody, lyrics",0.71,0.32,0.71,0.96,0.78,2.3,2.2,2.7,71.42857143,0.3,CbCbbGbC,CCCbGb
20,2002,UK,Malmstedt v. EMI Records,Jenny and I,29,Sleeping in my Car,29,no infringement,0,melody,0.30,0.11,0.93,0.83,0.91,1.8,2.4,1.5,30.07518797,0.27,DCCCAGGADCCCAFGFFDCCFAFCFCCCDECDCCCAGADCCCAFGFDCFCAFCFAbCDEC,FFGFAAAFAGFFGFAAAbCFFFGFAFFAGAFGbCCAGFFGFAAAbAGFFGFACbAGFFFGFAAAAGAFFEDDC
21,2000,US,Three Boys Music v. Michael Bolton,Love is a Wonderful Thing,11,Love is a Wonderful Thing,17,infringement,1,"melody, lyrics",0.47,0.73,0.54,0.39,0.39,3.2,3.1,2.8,47.05882353,0.06,EDCDCCCCDCCEDCEDDDEFEGEDCFFFFEEEDDDC,EDCDCACDDDDEEDCEDCDCACDEEEGEAAGA
22,1997,US,Repp v. Webber,Till You,27,Phantom Song,38,no infringement,0,melody,0.45,0.19,0.39,0.43,0.91,3.2,3.5,1.6,45.33333333,0,ECEGFDBDFEEACEFEDCBECEGFDBDFEEACDCC,EAEGFFDGDEEAEGFFDGDEEACEDDDGDEEAGFEDCBAa
23,1996,US,Santrayll v. Burrell,Uh Oh,13,"Pepsi Ad featuring ""Hammer""",16,no infringement,0,"melody, lyrics",0.40,0.35,0.79,0.96,0.78,2,1.4,2,40,0.16,AFAFAFAFAFAFAFAFAFAFAF,DFDFDFDFDFGFEDACEDAGFAGAGFAGFAGDC
24,1994,US,Fantasy v. Fogerty,Run Through the Jungle,21,The Old Man Down the Road,22,no infringement,0,melody,0.67,0.72,0.50,0.48,0.87,3.1,3.3,1.5,67.44186047,0.07,CDDCDDCDDFDCDDDDDDDACDDFDCCCDDDDCCCDDDD,CCCCDDDDDCCCCDDDDCCCCDDDDDDCCCCDDDDCCCDDDCCCCDD
25,1993,UK,EMI Music v. Papathanasiou,City of Violets,23,"Theme from ""Chariots of Fire""",14,no infringement,0,melody,0.29,0.09,0.57,0.87,,2.6,2.4,,29.26829268,0.48,FFCCbCDCFCACCbCDC,CFGFGAGECFGAGCFGAGEEFECC
26,1991,US,Grand Upright v. Warner,Alone Again (Naturally),6,Alone Again,6,infringement,1,"melody, lyrics",0.53,0.33,0.61,0.52,0.57,3.3,3.4,3.9,53.33333333,0,GGFABDC,GGGFabbC
27,1990,US,Levine v. McDonald's Corp.,Life is a Rock (But the Radio Rolled Me),23,McDonald's Menu Song,26,infringement,1,melody,0.80,0.72,0.68,0.52,0.22,3.4,3.5,1.9,79.62382445,0,CCCCCCCCCCCCCCCCCCCCCCCCCCCCCCCCCCCCCCCCCCCCCCCCCCCCCCCCCCCCCCCCCCCCCCCCCCCCCCCCCCCCCCCCCCCCCCCCCCCCCCCCCCCCCCCCCCCCCCCCCCCCCCCCDDDDDDDDCCCCCCCC,CCCCCCCCCCCCCCCCCCCCCCCCCCCCCCCDDDDDDDDDDDDDDDDDDDDDDDDDDDDDDDDCCCCCCCCCCCCCCCCCCCCCCCCCCCCCCCCCCCCCCCCCCCCCCCCCCCCCCCCCCCCCCCCCCCCCCCCCCCCCCCCDDDDDDDDDDDDDDDDGCCCCCCCCCCCCCCC
28,1988,US,Gaste v. Morris Kaiserman,Pour Toi,17,Feelings,21,infringement,1,melody,0.65,0.65,0.39,0.48,0.09,2.7,2.8,1.6,65.11627907,0.01,EEAABCBAEEAABCBAEAGGAGFE,EAABCAEAABCAEABCDBE
29,1987,US,"Baxter v. MCA, Inc.",Joy,7,Theme from 'E.T.',19,no infringement,0,melody,0.37,0.14,0.71,0.87,,2.6,1.9,,36.73469388,0.08,DDDGEDCDCADGEDCDC,CGDFEDCGAAGgEgDBDCBAGFeCCBCDeCCD
30,1984,US,Selle v. Gibb,Let It End,21,How Deep is Your Love,19,no infringement,0,melody,0.63,0.08,0.61,0.39,0.87,2.5,3.2,1.6,63.15789474,0,CDEDCDEADEFEDEFBEFGFEFGCDEFaAGFGADD,GCDEECDECdDEFFFDEFDEFGGGEGAGECCDEFFFFGEDD
31,1978,US,Herald Square Music v. Living Music,Day by Day,32,"Theme for N.B.C.'s ""Today Show""",30,infringement,1,melody,0.51,0.14,0.36,0.30,,2.8,2.6,,50.74626866,0.01,ECDECDDGECDCDDGGAgEEGGAgEEFEFGEDCDEDE,ACDECDFFGECDDEGAGFGFGAGFEACECD
32,1976,US,Bright Tunes Music v. Harrisongs Music,He's So Fine,27,My Sweet Lord,28,infringement,1,melody,0.58,0.43,0.18,0.52,0.04,1.9,2.9,1.3,57.73195876,0,GEDGGEDGGEDECDGGGEECEDGGACACACCGADCCACGACACDACGACCACC,GEEDGEDEDGEEEDEGACACCGACACCCGACACCCEFGbAGEDD
33,1976,US,Granite Music v. United Artists,Tiny Bubbles,18,Hiding the Wine,11,no infringement,0,melody,0.67,0.07,0.61,0.48,,2.3,3,,66.66666667,0,AGFCbAGGFECACGF,AGFCGFEGFECCAGF
34,1976,US,MCA Music v. Earl Wilson,Boogie Woogie Bugle Boy,39,The Cunnilingus Champion of Co. C,33,infringement,1,"melody, lyrics, others",0.34,0.96,0.46,0.22,0.22,3.2,2.3,2.2,34.43223443,0,CCCCGaAECGFECECCGaAECGFECCDCFFDCFEFgGCCCEFgGCCCCDCGGGGGGFFFGeEGAeEGAeEGACCCGaAECGFECECCGaAECGFECCCDCFFDCFEFgGCCCEFgGCCCCDCGGGGGGFFFGEEGAeEGAeEGAC,eeeeeeeeeeeeCACCCCCCCCCCCeCACGGGGGGGGGFFFeeeeeeeeeeeeCACEEEEEEEEEEEEEEEEEEEFFFFFFFFFFFFFEEEEEEEEEEEEEGGGGGGGGGGFFFEEEEEEEEEEEEEE
35,1964,US,"Nom Music, Inc. v. Kaslin",A Thousand Miles Away,38,Daddy's Home,40,infringement,1,melody,0.29,0.49,0.39,0.17,0.17,2.8,2.3,1.7,29.21348315,0.19,AGABDBGEDAGEAGAGABBBCDBCDEBEDBAGGABAGEGEGCAAAABDBGEDAGE,AbCAbCDADFGAACFFCCDDFGGADCAGFbAGFA
36,1915,US,Boosey v. Empire Music,I Hear You Calling Me,54,"Tennessee, I Hear You Calling Me",53,infringement,1,"melody, lyrics",0.45,0.73,0.36,0.30,0.22,2.6,2.7,2.3,44.8,0,GACFBBGEEEEEDdDDGGGGEEEDdDGGGaAABCFFGECCCDCCEGAACDCCC,GGaAABCFBBGABDCDEAEEGFGFEDCDEDEBADGGaAABCFBBGGAbCDECBCDEDCEDCEDCAABCABCC
37,2018,JP,Harumaki Gohan v. Mori,Hachigatsu no Rainy [August Rainy],21,M.A.K.E.,22,infringement,1,melody,1.00,0.70,0.82,0.70,0.09,3.8,3.9,1.7,100,0,DEDGDECBEDCDCBEDEDCDCBEDEDEDGDECBEDEGEDCCBC,DEDGDECBEDCDCBEDEDCDCBEDEDEDGDECBEDEGEDCCBC
38,2003,JP,Kobayashi v. Hattori,Dokomademo Ikou [Let's Go Anywhere],23,Kinenju [Memorial Tree],19,infringement,1,melody,0.64,0.11,0.43,0.35,0.04,3,2.4,1.5,63.88888889,0,CDECBCDCCCFFFFGAGGGAGFGAGECCDEECBCDC,CDEDCCCCFFFFAAGgGGGAAGFGAGEDCCDECDCC
39,1978,JP,Harry v. Suzuki,The Boulevard of Broken Dreams,33,One Rainy Night in Tokyo,23,no infringement,0,melody,0.25,0.31,0.39,0.61,0.91,3.1,3,1.6,25,0.04,aGaAaGaCCaGaAaFeDgFgagFgDgFgagFgDgFgageDeaGaAaGaCBCaGaAaFeDgFgagFgDgFgagFgDgFgageDC,GgGaeCGgGaFeDFEFGFEFDDGaGFDeC